<?xml version="1.0" encoding="UTF-8"?>
<tns:widgetDescriptor css_class="testtest" id="testtest"
                      version="3250022838" gitHash="353825856" xmlns:tns="http://www.nordija.com/itv/widget_descriptor"
                      xmlns:xsi="http://www.w3.org/2001/XMLSchema-instance"
                      xsi:schemaLocation="http://www.nordija.com/itv/widget_descriptor http://www.nordija.com/itv/widget_descriptor">
    <package>demo-widgets</package>
    <name>testtest</name>
    <description>testtesttest</description>
    <widgetDeployType>NORMAL</widgetDeployType>

    <languages defaultLang="en-GB">
        <language>en-GB</language>
    </languages>
    <aspects defaultAspect="16x9">
        <aspect>16x9</aspect>
        <aspect>4x3</aspect>        
    </aspects>

    <buildInfo>
        <coreVersion>3.25.0-SNAPSHOT-dirty</coreVersion>
        <revision>353825856</revision>
        <date>Mon Jun 17 2019 14:44:22 GMT+0200 (Central European Summer Time)</date>
    </buildInfo>
</tns:widgetDescriptor>